Name,Song Count
Mary,25
Sally,25
Jane,25
Jean,25
Ruby,25
Ann,25
Annie,25
Beverly,25
Taylor,25
Rose,25
Grace,25
Jackie,25
Maria,25
Georgia,25
Dawn,25
Bonnie,25
Marie,25
Laura,25
Linda,25
Jenny,25
Billie,25
Sue,25
Molly,25
Judy,25
Donna,25
Betty,25
Barbara,25
Delilah,25
Daisy,25
Pearl,25
Carrie,25
Julie,25
Alice,25
Virginia,25
Lisa,25
Susan,25
Susie,25
Mae,25
Autumn,25
Lorraine,25
Sherry,25
Lucy,25
Sheila,25
Caroline,25
Cindy,25
Diana,25
Diane,25
Jennifer,25
Roxanne,25
